,geoid,zip,borough,rent_burden_total_renter_households,rent_lt_10pct_income,rent_10_to_14_9pct_income,rent_15_to_19_9pct_income,rent_20_to_24_9pct_income,rent_25_to_29_9pct_income,rent_30_to_34_9pct_income,rent_35_to_39_9pct_income,rent_40_to_49_9pct_income,rent_50pct_or_more_income,rent_not_computed,housing_units_total,median_gross_rent,median_household_income,occupancy_total_units,occupied_units,vacant_units,tenure_total_occupied_units,owner_occupied_units,renter_occupied_units,total_population,year_built_total_units,built_2020_or_later,built_2010_2019,built_2000_2009,built_1990_1999,built_1980_1989,built_1970_1979,built_1960_1969,built_1950_1959,built_1940_1949,built_1939_or_earlier
31,86000US10001,10001,Manhattan,11939.0,917.0,1502.0,1801.0,1484.0,1181.0,1074.0,546.0,892.0,2137.0,405.0,18356.0,3361.0,129852.0,18356.0,15737.0,2619.0,15737.0,3798.0,11939.0,30511.0,18356.0,280.0,5049.0,2404.0,296.0,590.0,423.0,3290.0,553.0,508.0,4963.0
32,86000US10002,10002,Manhattan,29732.0,1688.0,2438.0,2857.0,3466.0,3197.0,3752.0,1338.0,2076.0,7758.0,1162.0,40696.0,1229.0,48386.0,40696.0,36556.0,4140.0,36556.0,6824.0,29732.0,76873.0,40696.0,403.0,1940.0,1590.0,1313.0,2373.0,3566.0,4822.0,6003.0,2838.0,15848.0
33,86000US10003,10003,Manhattan,15410.0,1031.0,2255.0,1722.0,1455.0,1355.0,1147.0,1171.0,1148.0,3480.0,646.0,30413.0,3049.0,154262.0,30413.0,24503.0,5910.0,24503.0,9093.0,15410.0,53560.0,30413.0,50.0,683.0,989.0,558.0,1555.0,1560.0,4611.0,2456.0,1425.0,16526.0
34,86000US10004,10004,Manhattan,1060.0,21.0,119.0,255.0,84.0,39.0,128.0,72.0,136.0,206.0,0.0,2247.0,3501.0,250001.0,2247.0,1865.0,382.0,1865.0,805.0,1060.0,3711.0,2247.0,0.0,221.0,421.0,44.0,115.0,18.0,33.0,5.0,6.0,1384.0
35,86000US10005,10005,Manhattan,4323.0,77.0,515.0,461.0,664.0,559.0,364.0,188.0,331.0,1164.0,0.0,6606.0,3501.0,190233.0,6606.0,5248.0,1358.0,5248.0,925.0,4323.0,9439.0,6606.0,0.0,161.0,841.0,601.0,125.0,515.0,393.0,339.0,218.0,3413.0
36,86000US10006,10006,Manhattan,1812.0,3.0,332.0,216.0,315.0,205.0,117.0,67.0,105.0,452.0,0.0,2485.0,3501.0,190170.0,2485.0,2149.0,336.0,2149.0,337.0,1812.0,4096.0,2485.0,0.0,224.0,76.0,26.0,42.0,26.0,22.0,126.0,56.0,1887.0
37,86000US10007,10007,Manhattan,2326.0,467.0,316.0,373.0,250.0,116.0,230.0,101.0,120.0,341.0,12.0,3870.0,3501.0,250001.0,3870.0,3344.0,526.0,3344.0,1018.0,2326.0,7406.0,3870.0,13.0,268.0,1352.0,385.0,521.0,61.0,62.0,124.0,0.0,1084.0
38,86000US10009,10009,Manhattan,26954.0,1966.0,2524.0,3739.0,3279.0,2839.0,2282.0,1643.0,1768.0,5275.0,1639.0,32252.0,2006.0,92876.0,32252.0,30082.0,2170.0,30082.0,3128.0,26954.0,60209.0,32252.0,21.0,1562.0,1177.0,958.0,1331.0,1602.0,3300.0,2430.0,8701.0,11170.0
39,86000US10010,10010,Manhattan,11276.0,994.0,1279.0,1399.0,1519.0,978.0,1183.0,484.0,658.0,2470.0,312.0,19060.0,3326.0,144969.0,19060.0,15632.0,3428.0,15632.0,4356.0,11276.0,30702.0,19060.0,0.0,1145.0,1085.0,320.0,1065.0,2786.0,2466.0,1079.0,2592.0,6522.0
40,86000US10011,10011,Manhattan,17822.0,1260.0,1975.0,2228.0,2572.0,1613.0,1570.0,947.0,1620.0,3446.0,591.0,34845.0,3050.0,145987.0,34845.0,27802.0,7043.0,27802.0,9980.0,17822.0,48277.0,34845.0,99.0,1824.0,3109.0,1045.0,965.0,1751.0,4815.0,2004.0,992.0,18241.0
41,86000US10012,10012,Manhattan,9229.0,1069.0,1127.0,1263.0,913.0,1021.0,861.0,402.0,509.0,1775.0,289.0,14529.0,2895.0,137106.0,14529.0,11901.0,2628.0,11901.0,2672.0,9229.0,21426.0,14529.0,52.0,353.0,531.0,373.0,713.0,686.0,1216.0,799.0,268.0,9538.0
42,86000US10013,10013,Manhattan,8548.0,1321.0,982.0,680.0,552.0,799.0,578.0,405.0,811.0,2000.0,420.0,15787.0,2598.0,161154.0,15787.0,12230.0,3557.0,12230.0,3682.0,8548.0,27219.0,15787.0,12.0,1536.0,1392.0,389.0,479.0,830.0,467.0,151.0,218.0,10313.0
43,86000US10014,10014,Manhattan,11979.0,934.0,1710.0,1620.0,2067.0,801.0,933.0,289.0,912.0,2282.0,431.0,21644.0,3123.0,176395.0,21644.0,17218.0,4426.0,17218.0,5239.0,11979.0,29230.0,21644.0,136.0,383.0,813.0,165.0,1225.0,710.0,1906.0,827.0,761.0,14718.0
44,86000US10016,10016,Manhattan,22651.0,1282.0,2174.0,2165.0,2507.0,3351.0,1898.0,947.0,2132.0,5269.0,926.0,37219.0,3433.0,140381.0,37219.0,30235.0,6984.0,30235.0,7584.0,22651.0,52971.0,37219.0,203.0,3227.0,2240.0,1772.0,5702.0,4207.0,6044.0,2458.0,1833.0,9533.0
45,86000US10017,10017,Manhattan,6602.0,332.0,686.0,579.0,542.0,566.0,631.0,371.0,534.0,2167.0,194.0,12801.0,2925.0,136705.0,12801.0,9683.0,3118.0,9683.0,3081.0,6602.0,15297.0,12801.0,36.0,988.0,869.0,144.0,1609.0,490.0,2236.0,1216.0,404.0,4809.0
46,86000US10018,10018,Manhattan,4254.0,232.0,449.0,442.0,485.0,479.0,364.0,284.0,374.0,1020.0,125.0,5677.0,3501.0,145958.0,5677.0,4783.0,894.0,4783.0,529.0,4254.0,8559.0,5677.0,89.0,1980.0,1422.0,126.0,125.0,3.0,264.0,110.0,71.0,1487.0
47,86000US10019,10019,Manhattan,21120.0,1211.0,1953.0,3143.0,2547.0,2511.0,2200.0,1053.0,2107.0,3795.0,600.0,33109.0,2924.0,128559.0,33109.0,26682.0,6427.0,26682.0,5562.0,21120.0,44942.0,33109.0,39.0,3610.0,3674.0,2575.0,3753.0,2667.0,3679.0,1686.0,2087.0,9339.0
48,86000US10020,10020,Manhattan,0.0,0.0,0.0,0.0,0.0,0.0,0.0,0.0,0.0,0.0,0.0,0.0,,,0.0,0.0,0.0,0.0,0.0,0.0,0.0,0.0,0.0,0.0,0.0,0.0,0.0,0.0,0.0,0.0,0.0,0.0
49,86000US10021,10021,Manhattan,11579.0,736.0,1705.0,1022.0,1646.0,1595.0,789.0,788.0,443.0,2276.0,579.0,30186.0,3067.0,158677.0,30186.0,20953.0,9233.0,20953.0,9374.0,11579.0,39868.0,30186.0,0.0,345.0,595.0,1127.0,3642.0,2956.0,7890.0,2996.0,1607.0,9028.0
50,86000US10022,10022,Manhattan,9018.0,657.0,827.0,987.0,982.0,933.0,509.0,576.0,666.0,2256.0,625.0,25715.0,2985.0,172026.0,25715.0,18804.0,6911.0,18804.0,9786.0,9018.0,34049.0,25715.0,80.0,791.0,1071.0,1143.0,1524.0,2812.0,5050.0,4783.0,1107.0,7354.0
51,86000US10023,10023,Manhattan,23354.0,1548.0,1850.0,3361.0,3070.0,2886.0,1854.0,1865.0,932.0,4887.0,1101.0,46860.0,3239.0,159874.0,46860.0,37708.0,9152.0,37708.0,14354.0,23354.0,69455.0,46860.0,276.0,3850.0,2401.0,2258.0,3312.0,3411.0,6982.0,2299.0,1909.0,20162.0
52,86000US10024,10024,Manhattan,18943.0,1626.0,2657.0,2535.0,2031.0,1878.0,1293.0,1793.0,1397.0,3388.0,345.0,36791.0,3041.0,181560.0,36791.0,30120.0,6671.0,30120.0,11177.0,18943.0,63115.0,36791.0,0.0,982.0,269.0,614.0,3288.0,1612.0,862.0,1312.0,1495.0,26357.0
53,86000US10025,10025,Manhattan,28474.0,1978.0,3047.0,3613.0,2971.0,2391.0,2226.0,811.0,1923.0,7824.0,1690.0,47746.0,2084.0,108940.0,47746.0,41334.0,6412.0,41334.0,12860.0,28474.0,93065.0,47746.0,260.0,889.0,1720.0,545.0,1465.0,2412.0,5395.0,3196.0,1826.0,30038.0
54,86000US10026,10026,Manhattan,11964.0,746.0,1214.0,1208.0,1259.0,2011.0,651.0,551.0,1000.0,2685.0,639.0,17853.0,1657.0,81244.0,17853.0,15634.0,2219.0,15634.0,3670.0,11964.0,37123.0,17853.0,145.0,985.0,2834.0,554.0,1196.0,739.0,985.0,1760.0,1089.0,7566.0
55,86000US10027,10027,Manhattan,20525.0,942.0,1953.0,2087.0,2175.0,2176.0,1839.0,747.0,1313.0,5635.0,1658.0,28507.0,1531.0,59587.0,28507.0,24856.0,3651.0,24856.0,4331.0,20525.0,63885.0,28507.0,549.0,1670.0,1430.0,890.0,787.0,1350.0,1688.0,4851.0,2000.0,13292.0
56,86000US10028,10028,Manhattan,16175.0,1045.0,1648.0,2842.0,1989.0,1580.0,1304.0,776.0,931.0,3381.0,679.0,30568.0,2825.0,175121.0,30568.0,26288.0,4280.0,26288.0,10113.0,16175.0,49077.0,30568.0,179.0,466.0,1041.0,732.0,2247.0,2153.0,7150.0,3972.0,1129.0,11499.0
57,86000US10029,10029,Manhattan,31242.0,1674.0,2517.0,3190.0,3173.0,3300.0,3341.0,1797.0,1865.0,8791.0,1594.0,37055.0,1247.0,38695.0,37055.0,33660.0,3395.0,33660.0,2418.0,31242.0,77447.0,37055.0,241.0,1987.0,2384.0,1149.0,1234.0,4101.0,7281.0,6659.0,2319.0,9700.0
58,86000US10030,10030,Manhattan,11306.0,660.0,631.0,765.0,725.0,1003.0,1108.0,845.0,899.0,4110.0,560.0,14827.0,1282.0,39802.0,14827.0,13092.0,1735.0,13092.0,1786.0,11306.0,29297.0,14827.0,65.0,506.0,543.0,1276.0,531.0,514.0,1445.0,1137.0,615.0,8195.0
59,86000US10031,10031,Manhattan,19316.0,1060.0,1810.0,2153.0,2031.0,1653.0,1188.0,1119.0,1486.0,5780.0,1036.0,24305.0,1769.0,65283.0,24305.0,22499.0,1806.0,22499.0,3183.0,19316.0,61058.0,24305.0,101.0,503.0,431.0,292.0,537.0,1969.0,1022.0,1768.0,1440.0,16242.0
60,86000US10032,10032,Manhattan,19748.0,1230.0,1200.0,1676.0,1578.0,2309.0,2265.0,1543.0,1828.0,5464.0,655.0,23292.0,1603.0,56829.0,23292.0,21584.0,1708.0,21584.0,1836.0,19748.0,55610.0,23292.0,0.0,1079.0,235.0,514.0,388.0,910.0,1720.0,944.0,2908.0,14594.0
61,86000US10033,10033,Manhattan,16811.0,618.0,1538.0,1894.0,1906.0,1473.0,1466.0,891.0,1500.0,4751.0,774.0,21607.0,1726.0,75040.0,21607.0,19973.0,1634.0,19973.0,3162.0,16811.0,54838.0,21607.0,90.0,116.0,471.0,232.0,205.0,503.0,1489.0,855.0,2150.0,15496.0
62,86000US10034,10034,Manhattan,13527.0,744.0,1751.0,1381.0,1429.0,867.0,1318.0,633.0,1229.0,3612.0,563.0,16551.0,1629.0,67754.0,16551.0,15308.0,1243.0,15308.0,1781.0,13527.0,37758.0,16551.0,69.0,89.0,185.0,61.0,460.0,646.0,1112.0,2000.0,2313.0,9616.0
63,86000US10035,10035,Manhattan,13939.0,758.0,787.0,1256.0,1753.0,1518.0,1335.0,847.0,984.0,3992.0,709.0,17188.0,1326.0,45121.0,17188.0,15655.0,1533.0,15655.0,1716.0,13939.0,38862.0,17188.0,171.0,1843.0,2185.0,955.0,689.0,2254.0,1550.0,2500.0,758.0,4283.0
64,86000US10036,10036,Manhattan,17003.0,889.0,1597.0,1698.0,2037.0,2242.0,1694.0,1058.0,1701.0,3765.0,322.0,22746.0,2358.0,95638.0,22746.0,18991.0,3755.0,18991.0,1988.0,17003.0,31036.0,22746.0,96.0,4312.0,4854.0,1378.0,1567.0,2577.0,1028.0,474.0,852.0,5608.0
65,86000US10037,10037,Manhattan,9014.0,809.0,581.0,715.0,705.0,720.0,823.0,575.0,759.0,2550.0,777.0,10924.0,1445.0,49153.0,10924.0,9982.0,942.0,9982.0,968.0,9014.0,19031.0,10924.0,0.0,579.0,250.0,214.0,279.0,971.0,2449.0,3480.0,1547.0,1155.0
66,86000US10038,10038,Manhattan,6951.0,369.0,708.0,934.0,662.0,759.0,645.0,381.0,551.0,1501.0,441.0,12256.0,3189.0,105419.0,12256.0,10162.0,2094.0,10162.0,3211.0,6951.0,22235.0,12256.0,131.0,1666.0,1066.0,260.0,289.0,1942.0,1757.0,1469.0,641.0,3035.0
67,86000US10039,10039,Manhattan,11195.0,857.0,719.0,1176.0,1434.0,674.0,1169.0,934.0,1048.0,2826.0,358.0,14049.0,1200.0,45371.0,14049.0,12966.0,1083.0,12966.0,1771.0,11195.0,32492.0,14049.0,31.0,653.0,1182.0,179.0,570.0,696.0,4088.0,1397.0,958.0,4295.0
68,86000US10040,10040,Manhattan,13347.0,501.0,1109.0,1235.0,1598.0,1435.0,901.0,528.0,1032.0,4337.0,671.0,17131.0,1685.0,65516.0,17131.0,15861.0,1270.0,15861.0,2514.0,13347.0,40096.0,17131.0,0.0,205.0,127.0,253.0,198.0,394.0,1923.0,2208.0,2060.0,9763.0
69,86000US10044,10044,Manhattan,4199.0,221.0,341.0,464.0,381.0,385.0,325.0,188.0,497.0,1319.0,78.0,5978.0,3327.0,103347.0,5978.0,5175.0,803.0,5175.0,976.0,4199.0,11520.0,5978.0,102.0,609.0,1009.0,284.0,892.0,2150.0,522.0,52.0,0.0,358.0
70,86000US10065,10065,Manhattan,10336.0,1235.0,1193.0,1276.0,857.0,928.0,994.0,377.0,728.0,2355.0,393.0,22448.0,2907.0,155331.0,22448.0,16188.0,6260.0,16188.0,5852.0,10336.0,30808.0,22448.0,0.0,242.0,597.0,506.0,1370.0,2252.0,5999.0,2733.0,1473.0,7276.0
71,86000US10069,10069,Manhattan,2100.0,198.0,219.0,224.0,336.0,62.0,53.0,113.0,208.0,370.0,317.0,3392.0,3501.0,233636.0,3392.0,2934.0,458.0,2934.0,834.0,2100.0,6509.0,3392.0,0.0,781.0,1838.0,615.0,81.0,0.0,35.0,42.0,0.0,0.0
72,86000US10075,10075,Manhattan,6328.0,532.0,481.0,766.0,806.0,455.0,588.0,502.0,489.0,1241.0,468.0,15218.0,2658.0,155902.0,15218.0,11519.0,3699.0,11519.0,5191.0,6328.0,21897.0,15218.0,118.0,105.0,490.0,470.0,1570.0,1773.0,2865.0,1624.0,861.0,5342.0
73,86000US10103,10103,Manhattan,0.0,0.0,0.0,0.0,0.0,0.0,0.0,0.0,0.0,0.0,0.0,0.0,,,0.0,0.0,0.0,0.0,0.0,0.0,0.0,0.0,0.0,0.0,0.0,0.0,0.0,0.0,0.0,0.0,0.0,0.0
74,86000US10110,10110,Manhattan,0.0,0.0,0.0,0.0,0.0,0.0,0.0,0.0,0.0,0.0,0.0,0.0,,,0.0,0.0,0.0,0.0,0.0,0.0,0.0,0.0,0.0,0.0,0.0,0.0,0.0,0.0,0.0,0.0,0.0,0.0
75,86000US10111,10111,Manhattan,0.0,0.0,0.0,0.0,0.0,0.0,0.0,0.0,0.0,0.0,0.0,0.0,,,0.0,0.0,0.0,0.0,0.0,0.0,0.0,0.0,0.0,0.0,0.0,0.0,0.0,0.0,0.0,0.0,0.0,0.0
76,86000US10112,10112,Manhattan,0.0,0.0,0.0,0.0,0.0,0.0,0.0,0.0,0.0,0.0,0.0,0.0,,,0.0,0.0,0.0,0.0,0.0,0.0,0.0,0.0,0.0,0.0,0.0,0.0,0.0,0.0,0.0,0.0,0.0,0.0
77,86000US10115,10115,Manhattan,0.0,0.0,0.0,0.0,0.0,0.0,0.0,0.0,0.0,0.0,0.0,0.0,,,0.0,0.0,0.0,0.0,0.0,0.0,0.0,0.0,0.0,0.0,0.0,0.0,0.0,0.0,0.0,0.0,0.0,0.0
78,86000US10119,10119,Manhattan,0.0,0.0,0.0,0.0,0.0,0.0,0.0,0.0,0.0,0.0,0.0,0.0,,,0.0,0.0,0.0,0.0,0.0,0.0,0.0,0.0,0.0,0.0,0.0,0.0,0.0,0.0,0.0,0.0,0.0,0.0
79,86000US10128,10128,Manhattan,21089.0,1493.0,1991.0,2915.0,3279.0,2287.0,1755.0,696.0,899.0,4892.0,882.0,36176.0,2647.0,147772.0,36176.0,30601.0,5575.0,30601.0,9512.0,21089.0,57976.0,36176.0,73.0,721.0,1512.0,1772.0,4132.0,5817.0,3763.0,2821.0,2305.0,13260.0
80,86000US10152,10152,Manhattan,0.0,0.0,0.0,0.0,0.0,0.0,0.0,0.0,0.0,0.0,0.0,87.0,,,87.0,4.0,83.0,4.0,4.0,0.0,7.0,87.0,0.0,30.0,23.0,0.0,0.0,0.0,0.0,0.0,12.0,22.0
81,86000US10153,10153,Manhattan,0.0,0.0,0.0,0.0,0.0,0.0,0.0,0.0,0.0,0.0,0.0,0.0,,,0.0,0.0,0.0,0.0,0.0,0.0,0.0,0.0,0.0,0.0,0.0,0.0,0.0,0.0,0.0,0.0,0.0,0.0
82,86000US10154,10154,Manhattan,0.0,0.0,0.0,0.0,0.0,0.0,0.0,0.0,0.0,0.0,0.0,0.0,,,0.0,0.0,0.0,0.0,0.0,0.0,0.0,0.0,0.0,0.0,0.0,0.0,0.0,0.0,0.0,0.0,0.0,0.0
83,86000US10162,10162,Manhattan,746.0,19.0,61.0,129.0,59.0,87.0,0.0,0.0,15.0,363.0,13.0,899.0,3501.0,114139.0,899.0,751.0,148.0,751.0,5.0,746.0,1603.0,899.0,0.0,19.0,0.0,0.0,0.0,175.0,574.0,29.0,27.0,75.0
84,86000US10165,10165,Manhattan,0.0,0.0,0.0,0.0,0.0,0.0,0.0,0.0,0.0,0.0,0.0,0.0,,,0.0,0.0,0.0,0.0,0.0,0.0,0.0,0.0,0.0,0.0,0.0,0.0,0.0,0.0,0.0,0.0,0.0,0.0
85,86000US10167,10167,Manhattan,0.0,0.0,0.0,0.0,0.0,0.0,0.0,0.0,0.0,0.0,0.0,0.0,,,0.0,0.0,0.0,0.0,0.0,0.0,0.0,0.0,0.0,0.0,0.0,0.0,0.0,0.0,0.0,0.0,0.0,0.0
86,86000US10168,10168,Manhattan,0.0,0.0,0.0,0.0,0.0,0.0,0.0,0.0,0.0,0.0,0.0,0.0,,,0.0,0.0,0.0,0.0,0.0,0.0,0.0,0.0,0.0,0.0,0.0,0.0,0.0,0.0,0.0,0.0,0.0,0.0
87,86000US10169,10169,Manhattan,0.0,0.0,0.0,0.0,0.0,0.0,0.0,0.0,0.0,0.0,0.0,0.0,,,0.0,0.0,0.0,0.0,0.0,0.0,0.0,0.0,0.0,0.0,0.0,0.0,0.0,0.0,0.0,0.0,0.0,0.0
88,86000US10170,10170,Manhattan,0.0,0.0,0.0,0.0,0.0,0.0,0.0,0.0,0.0,0.0,0.0,0.0,,,0.0,0.0,0.0,0.0,0.0,0.0,0.0,0.0,0.0,0.0,0.0,0.0,0.0,0.0,0.0,0.0,0.0,0.0
89,86000US10171,10171,Manhattan,0.0,0.0,0.0,0.0,0.0,0.0,0.0,0.0,0.0,0.0,0.0,0.0,,,0.0,0.0,0.0,0.0,0.0,0.0,0.0,0.0,0.0,0.0,0.0,0.0,0.0,0.0,0.0,0.0,0.0,0.0
90,86000US10172,10172,Manhattan,0.0,0.0,0.0,0.0,0.0,0.0,0.0,0.0,0.0,0.0,0.0,0.0,,,0.0,0.0,0.0,0.0,0.0,0.0,0.0,0.0,0.0,0.0,0.0,0.0,0.0,0.0,0.0,0.0,0.0,0.0
91,86000US10173,10173,Manhattan,0.0,0.0,0.0,0.0,0.0,0.0,0.0,0.0,0.0,0.0,0.0,0.0,,,0.0,0.0,0.0,0.0,0.0,0.0,0.0,0.0,0.0,0.0,0.0,0.0,0.0,0.0,0.0,0.0,0.0,0.0
92,86000US10174,10174,Manhattan,0.0,0.0,0.0,0.0,0.0,0.0,0.0,0.0,0.0,0.0,0.0,0.0,,,0.0,0.0,0.0,0.0,0.0,0.0,0.0,0.0,0.0,0.0,0.0,0.0,0.0,0.0,0.0,0.0,0.0,0.0
93,86000US10177,10177,Manhattan,0.0,0.0,0.0,0.0,0.0,0.0,0.0,0.0,0.0,0.0,0.0,0.0,,,0.0,0.0,0.0,0.0,0.0,0.0,0.0,0.0,0.0,0.0,0.0,0.0,0.0,0.0,0.0,0.0,0.0,0.0
94,86000US10199,10199,Manhattan,0.0,0.0,0.0,0.0,0.0,0.0,0.0,0.0,0.0,0.0,0.0,0.0,,,0.0,0.0,0.0,0.0,0.0,0.0,0.0,0.0,0.0,0.0,0.0,0.0,0.0,0.0,0.0,0.0,0.0,0.0
95,86000US10271,10271,Manhattan,0.0,0.0,0.0,0.0,0.0,0.0,0.0,0.0,0.0,0.0,0.0,0.0,,,0.0,0.0,0.0,0.0,0.0,0.0,0.0,0.0,0.0,0.0,0.0,0.0,0.0,0.0,0.0,0.0,0.0,0.0
96,86000US10278,10278,Manhattan,0.0,0.0,0.0,0.0,0.0,0.0,0.0,0.0,0.0,0.0,0.0,0.0,,,0.0,0.0,0.0,0.0,0.0,0.0,0.0,0.0,0.0,0.0,0.0,0.0,0.0,0.0,0.0,0.0,0.0,0.0
97,86000US10279,10279,Manhattan,84.0,84.0,0.0,0.0,0.0,0.0,0.0,0.0,0.0,0.0,0.0,98.0,3501.0,250001.0,98.0,84.0,14.0,84.0,0.0,84.0,259.0,98.0,0.0,98.0,0.0,0.0,0.0,0.0,0.0,0.0,0.0,0.0
98,86000US10280,10280,Manhattan,2780.0,245.0,517.0,458.0,185.0,422.0,248.0,96.0,0.0,609.0,0.0,4880.0,3501.0,206299.0,4880.0,4237.0,643.0,4237.0,1457.0,2780.0,8933.0,4880.0,32.0,53.0,0.0,662.0,3609.0,524.0,0.0,0.0,0.0,0.0
99,86000US10282,10282,Manhattan,2104.0,374.0,311.0,333.0,160.0,75.0,233.0,129.0,115.0,358.0,16.0,2841.0,3501.0,250001.0,2841.0,2353.0,488.0,2353.0,249.0,2104.0,5887.0,2841.0,0.0,223.0,1394.0,921.0,199.0,46.0,0.0,22.0,0.0,36.0
100,86000US10301,10301,Staten Island,7900.0,355.0,781.0,780.0,613.0,720.0,768.0,653.0,612.0,2008.0,610.0,16628.0,1701.0,85609.0,16628.0,14584.0,2044.0,14584.0,6684.0,7900.0,41052.0,16628.0,114.0,539.0,1028.0,646.0,793.0,1374.0,2327.0,2126.0,1236.0,6445.0
101,86000US10302,10302,Staten Island,2722.0,85.0,75.0,251.0,72.0,172.0,11.0,315.0,396.0,1034.0,311.0,6658.0,1800.0,78263.0,6658.0,6056.0,602.0,6056.0,3334.0,2722.0,19030.0,6658.0,34.0,349.0,639.0,450.0,265.0,206.0,611.0,803.0,677.0,2624.0
102,86000US10303,10303,Staten Island,3053.0,168.0,261.0,186.0,270.0,249.0,251.0,117.0,193.0,1198.0,160.0,9684.0,1596.0,83947.0,9684.0,8778.0,906.0,8778.0,5725.0,3053.0,26497.0,9684.0,32.0,376.0,1250.0,1554.0,1618.0,651.0,965.0,721.0,388.0,2129.0
103,86000US10304,10304,Staten Island,7988.0,291.0,905.0,566.0,865.0,721.0,471.0,534.0,829.0,2401.0,405.0,17190.0,1500.0,71561.0,17190.0,15738.0,1452.0,15738.0,7750.0,7988.0,45658.0,17190.0,87.0,1625.0,1314.0,1363.0,1655.0,1609.0,2110.0,2538.0,884.0,4005.0
104,86000US10305,10305,Staten Island,5537.0,241.0,414.0,710.0,486.0,377.0,334.0,403.0,386.0,1647.0,539.0,17049.0,1667.0,83413.0,17049.0,15774.0,1275.0,15774.0,10237.0,5537.0,41270.0,17049.0,94.0,698.0,2279.0,1783.0,1719.0,2600.0,2638.0,1601.0,735.0,2902.0
105,86000US10306,10306,Staten Island,6163.0,152.0,443.0,863.0,475.0,439.0,661.0,390.0,459.0,2004.0,277.0,21383.0,1842.0,96866.0,21383.0,20073.0,1310.0,20073.0,13910.0,6163.0,57428.0,21383.0,72.0,1089.0,1402.0,1611.0,2411.0,2995.0,5014.0,2956.0,912.0,2921.0
106,86000US10307,10307,Staten Island,822.0,0.0,73.0,72.0,148.0,89.0,72.0,0.0,96.0,116.0,156.0,5564.0,1821.0,147184.0,5564.0,5211.0,353.0,5211.0,4389.0,822.0,15512.0,5564.0,146.0,521.0,855.0,1319.0,789.0,201.0,106.0,81.0,266.0,1280.0
107,86000US10308,10308,Staten Island,2128.0,0.0,212.0,215.0,91.0,196.0,449.0,49.0,105.0,384.0,427.0,11243.0,1886.0,125850.0,11243.0,10510.0,733.0,10510.0,8382.0,2128.0,30568.0,11243.0,0.0,438.0,647.0,1342.0,1405.0,3068.0,2172.0,679.0,534.0,958.0
108,86000US10309,10309,Staten Island,2892.0,102.0,170.0,287.0,196.0,162.0,423.0,149.0,135.0,1051.0,217.0,12921.0,1893.0,116098.0,12921.0,12222.0,699.0,12222.0,9330.0,2892.0,34885.0,12921.0,138.0,1112.0,1881.0,2457.0,4259.0,959.0,626.0,488.0,142.0,859.0
109,86000US10310,10310,Staten Island,3615.0,307.0,155.0,473.0,253.0,297.0,165.0,141.0,314.0,1093.0,417.0,9866.0,1680.0,106250.0,9866.0,8921.0,945.0,8921.0,5306.0,3615.0,25672.0,9866.0,0.0,245.0,959.0,586.0,487.0,554.0,962.0,1213.0,612.0,4248.0
110,86000US10311,10311,Staten Island,0.0,0.0,0.0,0.0,0.0,0.0,0.0,0.0,0.0,0.0,0.0,0.0,,,0.0,0.0,0.0,0.0,0.0,0.0,0.0,0.0,0.0,0.0,0.0,0.0,0.0,0.0,0.0,0.0,0.0,0.0
111,86000US10312,10312,Staten Island,3779.0,144.0,367.0,283.0,318.0,258.0,549.0,123.0,251.0,1081.0,405.0,22697.0,1937.0,110719.0,22697.0,21549.0,1148.0,21549.0,17770.0,3779.0,63469.0,22697.0,102.0,973.0,3029.0,3487.0,4817.0,5395.0,2216.0,1094.0,444.0,1140.0
112,86000US10314,10314,Staten Island,8490.0,383.0,1204.0,829.0,657.0,892.0,465.0,682.0,522.0,2168.0,688.0,33738.0,1802.0,104613.0,33738.0,31361.0,2377.0,31361.0,22871.0,8490.0,93915.0,33738.0,99.0,1111.0,1561.0,2235.0,8388.0,9057.0,4340.0,3044.0,1031.0,2872.0
113,86000US10451,10451,Bronx,19333.0,965.0,1123.0,1804.0,1207.0,1905.0,1927.0,1087.0,1665.0,6917.0,733.0,23071.0,1330.0,38770.0,23071.0,22376.0,695.0,22376.0,3043.0,19333.0,50942.0,23071.0,841.0,3729.0,3018.0,844.0,1049.0,1336.0,3711.0,2050.0,2347.0,4146.0
114,86000US10452,10452,Bronx,27776.0,835.0,1906.0,2458.0,2559.0,2038.0,2408.0,1550.0,2636.0,10080.0,1306.0,29162.0,1419.0,41288.0,29162.0,28719.0,443.0,28719.0,943.0,27776.0,75682.0,29162.0,179.0,1837.0,2645.0,1555.0,2454.0,2375.0,2424.0,3175.0,2584.0,9934.0
115,86000US10453,10453,Bronx,26922.0,1123.0,1707.0,1983.0,1768.0,1927.0,1720.0,1734.0,2255.0,10286.0,2419.0,28564.0,1420.0,33186.0,28564.0,28279.0,285.0,28279.0,1357.0,26922.0,76282.0,28564.0,153.0,1919.0,1869.0,1500.0,2409.0,3572.0,2625.0,2765.0,2471.0,9281.0
116,86000US10454,10454,Bronx,14112.0,522.0,891.0,850.0,1324.0,1557.0,1305.0,935.0,806.0,5002.0,920.0,15612.0,1028.0,24086.0,15612.0,15135.0,477.0,15135.0,1023.0,14112.0,39570.0,15612.0,140.0,1918.0,1324.0,845.0,690.0,2015.0,2464.0,1419.0,1031.0,3766.0
117,86000US10455,10455,Bronx,15075.0,842.0,1145.0,1060.0,1500.0,1033.0,1404.0,976.0,1390.0,5032.0,693.0,16946.0,1136.0,36115.0,16946.0,16587.0,359.0,16587.0,1512.0,15075.0,44801.0,16946.0,420.0,1047.0,1199.0,1622.0,1110.0,1571.0,2252.0,2072.0,1606.0,4047.0
118,86000US10456,10456,Bronx,30406.0,1410.0,2054.0,2446.0,2679.0,3091.0,2640.0,1687.0,1943.0,11195.0,1261.0,33538.0,1174.0,34954.0,33538.0,32645.0,893.0,32645.0,2239.0,30406.0,87533.0,33538.0,88.0,3657.0,4783.0,1704.0,1376.0,2932.0,4180.0,2932.0,3634.0,8252.0
119,86000US10457,10457,Bronx,26242.0,1203.0,1818.0,1924.0,2808.0,2639.0,1744.0,1634.0,2491.0,8573.0,1408.0,28479.0,1382.0,42683.0,28479.0,27686.0,793.0,27686.0,1444.0,26242.0,79543.0,28479.0,233.0,3426.0,2356.0,2292.0,1432.0,2665.0,2507.0,2050.0,2354.0,9164.0
120,86000US10458,10458,Bronx,27899.0,831.0,1855.0,2254.0,2154.0,2833.0,3002.0,1340.0,2233.0,10274.0,1123.0,30732.0,1558.0,40800.0,30732.0,29112.0,1620.0,29112.0,1213.0,27899.0,74898.0,30732.0,396.0,1613.0,955.0,763.0,788.0,1630.0,1729.0,1942.0,2171.0,18745.0
121,86000US10459,10459,Bronx,16123.0,752.0,1085.0,1205.0,1364.0,1208.0,1169.0,971.0,1172.0,6292.0,905.0,18835.0,1325.0,38006.0,18835.0,17982.0,853.0,17982.0,1859.0,16123.0,48270.0,18835.0,457.0,2491.0,3476.0,2230.0,1978.0,1421.0,1150.0,1268.0,1068.0,3296.0
122,86000US10460,10460,Bronx,20818.0,556.0,1500.0,1663.0,2259.0,1709.0,1556.0,942.0,1686.0,7852.0,1095.0,24516.0,1323.0,36309.0,24516.0,22972.0,1544.0,22972.0,2154.0,20818.0,59396.0,24516.0,368.0,3222.0,1982.0,2166.0,1644.0,2483.0,1674.0,1398.0,1088.0,8491.0
123,86000US10461,10461,Bronx,13645.0,397.0,1029.0,1185.0,1601.0,1126.0,1261.0,738.0,1282.0,4430.0,596.0,20669.0,1813.0,67028.0,20669.0,19420.0,1249.0,19420.0,5775.0,13645.0,52012.0,20669.0,173.0,872.0,996.0,415.0,549.0,1770.0,2894.0,2998.0,2169.0,7833.0
124,86000US10462,10462,Bronx,22738.0,464.0,1351.0,2771.0,2182.0,2144.0,1503.0,1618.0,2075.0,7650.0,980.0,32013.0,1746.0,60966.0,32013.0,29723.0,2290.0,29723.0,6985.0,22738.0,76320.0,32013.0,114.0,935.0,780.0,398.0,514.0,1857.0,2256.0,4157.0,7202.0,13800.0
125,86000US10463,10463,Bronx,18964.0,596.0,1610.0,2337.0,2117.0,1449.0,1191.0,1114.0,2073.0,5586.0,891.0,30920.0,1672.0,74974.0,30920.0,29349.0,1571.0,29349.0,10385.0,18964.0,69470.0,30920.0,116.0,626.0,1043.0,889.0,764.0,2633.0,6009.0,7153.0,2771.0,8916.0
126,86000US10464,10464,Bronx,500.0,0.0,24.0,0.0,92.0,68.0,24.0,0.0,78.0,140.0,74.0,2191.0,1826.0,103125.0,2191.0,1949.0,242.0,1949.0,1449.0,500.0,3828.0,2191.0,0.0,42.0,141.0,46.0,226.0,63.0,77.0,24.0,98.0,1474.0
127,86000US10465,10465,Bronx,7102.0,465.0,903.0,435.0,552.0,667.0,532.0,685.0,236.0,2294.0,333.0,17385.0,1904.0,87985.0,17385.0,16372.0,1013.0,16372.0,9270.0,7102.0,45404.0,17385.0,32.0,468.0,947.0,1123.0,761.0,1416.0,2865.0,4407.0,1290.0,4076.0
128,86000US10466,10466,Bronx,14987.0,694.0,900.0,897.0,1936.0,1692.0,877.0,1280.0,1414.0,4791.0,506.0,26146.0,1549.0,65969.0,26146.0,24930.0,1216.0,24930.0,9943.0,14987.0,71116.0,26146.0,51.0,590.0,994.0,747.0,664.0,1636.0,4164.0,4945.0,2979.0,9376.0
129,86000US10467,10467,Bronx,32910.0,1069.0,1601.0,3759.0,3082.0,3477.0,2530.0,1853.0,2586.0,10930.0,2023.0,40791.0,1522.0,49330.0,40791.0,38372.0,2419.0,38372.0,5462.0,32910.0,96421.0,40791.0,186.0,1966.0,1770.0,961.0,1253.0,2622.0,4905.0,5645.0,4631.0,16852.0
130,86000US10468,10468,Bronx,26029.0,404.0,1714.0,2434.0,1962.0,1902.0,2353.0,1583.0,2731.0,9659.0,1287.0,29614.0,1604.0,46233.0,29614.0,28453.0,1161.0,28453.0,2424.0,26029.0,75557.0,29614.0,230.0,1989.0,341.0,557.0,1204.0,2081.0,2582.0,2408.0,1519.0,16703.0
131,86000US10469,10469,Bronx,11632.0,553.0,700.0,1148.0,1033.0,883.0,924.0,626.0,1122.0,3706.0,937.0,25373.0,1680.0,76020.0,25373.0,23582.0,1791.0,23582.0,11950.0,11632.0,68521.0,25373.0,22.0,499.0,1339.0,506.0,1138.0,1591.0,3104.0,6179.0,3887.0,7108.0
132,86000US10470,10470,Bronx,3790.0,134.0,245.0,438.0,753.0,328.0,339.0,258.0,294.0,805.0,196.0,7050.0,1669.0,90046.0,7050.0,6698.0,352.0,6698.0,2908.0,3790.0,16004.0,7050.0,27.0,249.0,45.0,106.0,191.0,363.0,920.0,1156.0,850.0,3143.0
133,86000US10471,10471,Bronx,3785.0,229.0,541.0,270.0,526.0,344.0,581.0,117.0,336.0,553.0,288.0,9682.0,1699.0,103046.0,9682.0,9331.0,351.0,9331.0,5546.0,3785.0,23798.0,9682.0,0.0,298.0,218.0,194.0,227.0,609.0,3040.0,1719.0,835.0,2542.0
134,86000US10472,10472,Bronx,18578.0,858.0,1036.0,1370.0,966.0,1567.0,1404.0,1513.0,1460.0,6718.0,1686.0,24627.0,1463.0,41039.0,24627.0,22224.0,2403.0,22224.0,3646.0,18578.0,64011.0,24627.0,317.0,327.0,293.0,543.0,354.0,923.0,3315.0,5493.0,2215.0,10847.0
135,86000US10473,10473,Bronx,16300.0,1099.0,1775.0,1256.0,1317.0,1719.0,2040.0,807.0,1585.0,3913.0,789.0,23492.0,1183.0,52462.0,23492.0,22839.0,653.0,22839.0,6539.0,16300.0,58855.0,23492.0,32.0,794.0,1461.0,923.0,2058.0,3593.0,6189.0,2386.0,2131.0,3925.0
136,86000US10474,10474,Bronx,3501.0,160.0,296.0,453.0,281.0,220.0,198.0,230.0,207.0,1402.0,54.0,4082.0,1387.0,41586.0,4082.0,3899.0,183.0,3899.0,398.0,3501.0,11270.0,4082.0,72.0,117.0,306.0,210.0,295.0,188.0,480.0,540.0,936.0,938.0
137,86000US10475,10475,Bronx,10823.0,491.0,807.0,1631.0,1296.0,1219.0,1532.0,451.0,1161.0,1907.0,328.0,19627.0,1253.0,62712.0,19627.0,18821.0,806.0,18821.0,7998.0,10823.0,42578.0,19627.0,65.0,260.0,220.0,948.0,419.0,4801.0,7437.0,2381.0,1692.0,1404.0
152,86000US11101,11101,Queens,17939.0,650.0,2391.0,2312.0,2725.0,2028.0,1539.0,1260.0,855.0,3440.0,739.0,28026.0,2908.0,121062.0,28026.0,21165.0,6861.0,21165.0,3226.0,17939.0,42219.0,28026.0,1859.0,13851.0,2032.0,272.0,149.0,319.0,539.0,1138.0,2671.0,5196.0
153,86000US11102,11102,Queens,12063.0,611.0,896.0,1737.0,2033.0,1443.0,1299.0,751.0,515.0,2407.0,371.0,19592.0,2209.0,96617.0,19592.0,13937.0,5655.0,13937.0,1874.0,12063.0,28503.0,19592.0,233.0,2164.0,1836.0,903.0,836.0,1097.0,1552.0,1944.0,1693.0,7334.0
154,86000US11103,11103,Queens,13998.0,568.0,1226.0,1836.0,2174.0,1643.0,1106.0,959.0,1207.0,2848.0,431.0,18999.0,2167.0,93324.0,18999.0,16701.0,2298.0,16701.0,2703.0,13998.0,35163.0,18999.0,142.0,886.0,743.0,381.0,514.0,1197.0,1120.0,2361.0,2541.0,9114.0
155,86000US11104,11104,Queens,9791.0,375.0,1191.0,1023.0,1033.0,990.0,1021.0,1056.0,1062.0,1859.0,181.0,13174.0,1969.0,80709.0,13174.0,12304.0,870.0,12304.0,2513.0,9791.0,26132.0,13174.0,14.0,275.0,60.0,334.0,350.0,578.0,991.0,1789.0,2407.0,6376.0
156,86000US11105,11105,Queens,12076.0,572.0,1006.0,1862.0,1795.0,1426.0,1050.0,776.0,869.0,2291.0,429.0,17786.0,2245.0,102012.0,17786.0,16200.0,1586.0,16200.0,4124.0,12076.0,37936.0,17786.0,59.0,448.0,381.0,188.0,409.0,1021.0,1623.0,2926.0,2992.0,7739.0
157,86000US11106,11106,Queens,16088.0,579.0,1634.0,2186.0,1886.0,2085.0,1212.0,1184.0,1071.0,3679.0,572.0,22097.0,2076.0,84867.0,22097.0,19286.0,2811.0,19286.0,3198.0,16088.0,40930.0,22097.0,241.0,1964.0,824.0,596.0,423.0,1489.0,1976.0,3359.0,2464.0,8761.0
159,86000US11201,11201,Brooklyn,21810.0,1741.0,2448.0,3249.0,3070.0,2051.0,2082.0,925.0,1293.0,4080.0,871.0,37323.0,3358.0,173136.0,37323.0,34022.0,3301.0,34022.0,12212.0,21810.0,70674.0,37323.0,871.0,7766.0,4471.0,767.0,549.0,974.0,1646.0,3966.0,1314.0,14999.0
160,86000US11203,11203,Brooklyn,17665.0,669.0,1288.0,1816.0,1467.0,1591.0,1388.0,1289.0,1310.0,5458.0,1389.0,33804.0,1581.0,67897.0,33804.0,29238.0,4566.0,29238.0,11573.0,17665.0,74817.0,33804.0,83.0,2060.0,1051.0,719.0,346.0,939.0,2431.0,4433.0,4746.0,16996.0
161,86000US11204,11204,Brooklyn,16297.0,553.0,935.0,1773.0,1892.0,1235.0,1080.0,1272.0,1551.0,4963.0,1043.0,27285.0,1738.0,69479.0,27285.0,24896.0,2389.0,24896.0,8599.0,16297.0,79800.0,27285.0,190.0,562.0,941.0,665.0,859.0,686.0,1516.0,1673.0,1792.0,18401.0
162,86000US11205,11205,Brooklyn,12908.0,982.0,1162.0,1411.0,1589.0,1581.0,865.0,792.0,599.0,3544.0,383.0,19740.0,2269.0,93887.0,19740.0,17962.0,1778.0,17962.0,5054.0,12908.0,51676.0,19740.0,175.0,2170.0,1984.0,291.0,679.0,485.0,1771.0,2075.0,2943.0,7167.0
163,86000US11206,11206,Brooklyn,30955.0,1738.0,1940.0,3026.0,3792.0,3968.0,3719.0,2259.0,2032.0,7470.0,1011.0,35906.0,1625.0,61430.0,35906.0,34813.0,1093.0,34813.0,3858.0,30955.0,93020.0,35906.0,494.0,4897.0,4890.0,1573.0,1313.0,2109.0,4697.0,3128.0,2813.0,9992.0
164,86000US11207,11207,Brooklyn,26405.0,1321.0,1876.0,2249.0,2854.0,2371.0,2398.0,1708.0,1939.0,7510.0,2179.0,38824.0,1482.0,56523.0,38824.0,35658.0,3166.0,35658.0,9253.0,26405.0,93198.0,38824.0,345.0,2903.0,3243.0,3524.0,1859.0,2257.0,3981.0,3802.0,2864.0,14046.0
165,86000US11208,11208,Brooklyn,25836.0,2216.0,1779.0,2442.0,2475.0,2188.0,1630.0,1774.0,1979.0,7574.0,1779.0,36994.0,1651.0,62077.0,36994.0,34395.0,2599.0,34395.0,8559.0,25836.0,105428.0,36994.0,102.0,1750.0,2348.0,1868.0,2083.0,2252.0,3064.0,3761.0,2907.0,16859.0
166,86000US11209,11209,Brooklyn,19413.0,980.0,1915.0,2764.0,2155.0,2021.0,1557.0,866.0,1078.0,5101.0,976.0,33090.0,1864.0,93854.0,33090.0,30410.0,2680.0,30410.0,10997.0,19413.0,71004.0,33090.0,17.0,330.0,785.0,495.0,844.0,1085.0,3177.0,4098.0,2741.0,19518.0
167,86000US11210,11210,Brooklyn,11562.0,341.0,1026.0,1256.0,1127.0,1271.0,830.0,696.0,978.0,3513.0,524.0,23115.0,1786.0,83692.0,23115.0,20723.0,2392.0,20723.0,9161.0,11562.0,57915.0,23115.0,356.0,631.0,632.0,288.0,422.0,928.0,2117.0,3636.0,2922.0,11183.0
168,86000US11211,11211,Brooklyn,23292.0,1653.0,2491.0,3115.0,3144.0,2719.0,1394.0,912.0,1240.0,5879.0,745.0,29447.0,2471.0,107506.0,29447.0,28139.0,1308.0,28139.0,4847.0,23292.0,65314.0,29447.0,373.0,5971.0,3439.0,1076.0,1019.0,921.0,1303.0,2089.0,1405.0,11851.0
169,86000US11212,11212,Brooklyn,28705.0,1479.0,2283.0,2511.0,2897.0,2432.0,2042.0,2020.0,2314.0,9035.0,1692.0,34932.0,1294.0,41355.0,34932.0,33052.0,1880.0,33052.0,4347.0,28705.0,89020.0,34932.0,607.0,1871.0,1578.0,1192.0,2912.0,3644.0,3788.0,5430.0,3722.0,10188.0
170,86000US11213,11213,Brooklyn,22771.0,936.0,1900.0,2877.0,2582.0,1767.0,2007.0,1380.0,2034.0,6603.0,685.0,29389.0,1670.0,65127.0,29389.0,27360.0,2029.0,27360.0,4589.0,22771.0,68846.0,29389.0,271.0,1643.0,975.0,411.0,1007.0,1393.0,844.0,1859.0,2219.0,18767.0
171,86000US11214,11214,Brooklyn,20173.0,896.0,1453.0,2005.0,2239.0,1941.0,1857.0,1015.0,1657.0,6028.0,1082.0,33043.0,1771.0,65895.0,33043.0,30852.0,2191.0,30852.0,10679.0,20173.0,89397.0,33043.0,42.0,1076.0,1710.0,787.0,1135.0,1795.0,4490.0,3302.0,3429.0,15277.0
172,86000US11215,11215,Brooklyn,17187.0,1082.0,2388.0,2720.0,2524.0,2135.0,1338.0,761.0,1204.0,2372.0,663.0,32323.0,2831.0,185865.0,32323.0,29788.0,2535.0,29788.0,12601.0,17187.0,70441.0,32323.0,129.0,1678.0,1561.0,534.0,763.0,575.0,1025.0,1036.0,1738.0,23284.0
173,86000US11216,11216,Brooklyn,21352.0,976.0,1987.0,2393.0,3500.0,2925.0,1554.0,1168.0,1657.0,4473.0,719.0,28995.0,2271.0,101277.0,28995.0,27134.0,1861.0,27134.0,5782.0,21352.0,60685.0,28995.0,322.0,2289.0,1485.0,770.0,860.0,1191.0,1326.0,1141.0,1239.0,18372.0
174,86000US11217,11217,Brooklyn,14671.0,921.0,1851.0,2270.0,1922.0,1516.0,1432.0,711.0,1009.0,2688.0,351.0,21979.0,2888.0,162863.0,21979.0,20307.0,1672.0,20307.0,5636.0,14671.0,43490.0,21979.0,627.0,4087.0,1428.0,479.0,563.0,663.0,814.0,674.0,1161.0,11483.0
175,86000US11218,11218,Brooklyn,15656.0,863.0,1526.0,1948.0,1684.0,1356.0,1220.0,748.0,1331.0,4459.0,521.0,27297.0,1981.0,97366.0,27297.0,25661.0,1636.0,25661.0,10005.0,15656.0,72042.0,27297.0,51.0,1033.0,970.0,602.0,1062.0,927.0,3858.0,2443.0,2903.0,13448.0
176,86000US11219,11219,Brooklyn,18374.0,934.0,1003.0,1396.0,1641.0,1893.0,1005.0,1265.0,1465.0,6849.0,923.0,28459.0,1724.0,58347.0,28459.0,24507.0,3952.0,24507.0,6133.0,18374.0,94196.0,28459.0,84.0,849.0,1575.0,1322.0,1125.0,1506.0,1668.0,1506.0,1593.0,17231.0
177,86000US11220,11220,Brooklyn,20836.0,714.0,1554.0,2267.0,2315.0,1957.0,1791.0,1087.0,1689.0,6563.0,899.0,31225.0,1768.0,69883.0,31225.0,28420.0,2805.0,28420.0,7584.0,20836.0,90652.0,31225.0,19.0,460.0,755.0,615.0,861.0,1492.0,1281.0,1632.0,2189.0,21921.0
178,86000US11221,11221,Brooklyn,28796.0,1136.0,2172.0,3318.0,3156.0,3655.0,2472.0,1618.0,2093.0,8053.0,1123.0,39425.0,2139.0,85736.0,39425.0,36532.0,2893.0,36532.0,7736.0,28796.0,91588.0,39425.0,477.0,4940.0,3014.0,1958.0,1644.0,2350.0,1330.0,1747.0,1767.0,20198.0
179,86000US11222,11222,Brooklyn,17452.0,585.0,1588.0,2892.0,2980.0,1871.0,1350.0,1186.0,1369.0,3139.0,492.0,22902.0,2659.0,125734.0,22902.0,21316.0,1586.0,21316.0,3864.0,17452.0,42853.0,22902.0,932.0,2985.0,1384.0,380.0,355.0,689.0,803.0,1583.0,1008.0,12783.0
180,86000US11223,11223,Brooklyn,16930.0,598.0,1357.0,1427.0,1668.0,1422.0,1186.0,916.0,1508.0,6011.0,837.0,28803.0,1647.0,63368.0,28803.0,26478.0,2325.0,26478.0,9548.0,16930.0,78093.0,28803.0,148.0,511.0,938.0,272.0,619.0,866.0,3215.0,5548.0,2833.0,13853.0
181,86000US11224,11224,Brooklyn,14886.0,941.0,1151.0,1144.0,889.0,1877.0,2145.0,848.0,732.0,4426.0,733.0,21819.0,1010.0,43648.0,21819.0,20478.0,1341.0,20478.0,5592.0,14886.0,50822.0,21819.0,297.0,1281.0,350.0,856.0,1171.0,4052.0,8573.0,2192.0,495.0,2552.0
182,86000US11225,11225,Brooklyn,20085.0,1343.0,2104.0,2573.0,2435.0,2301.0,1211.0,810.0,1572.0,5410.0,326.0,26883.0,1730.0,88568.0,26883.0,25014.0,1869.0,25014.0,4929.0,20085.0,58158.0,26883.0,412.0,1679.0,618.0,487.0,425.0,874.0,2383.0,1534.0,2678.0,15793.0
183,86000US11226,11226,Brooklyn,32796.0,1152.0,3530.0,4457.0,3278.0,3705.0,2727.0,1845.0,2773.0,8485.0,844.0,43525.0,1790.0,81014.0,43525.0,38130.0,5395.0,38130.0,5334.0,32796.0,95144.0,43525.0,990.0,2313.0,617.0,489.0,1036.0,1022.0,3711.0,3966.0,3114.0,26267.0
184,86000US11228,11228,Brooklyn,6633.0,303.0,454.0,827.0,637.0,526.0,314.0,424.0,637.0,2061.0,450.0,16350.0,1861.0,83665.0,16350.0,15007.0,1343.0,15007.0,8374.0,6633.0,42241.0,16350.0,0.0,128.0,414.0,300.0,472.0,640.0,543.0,1665.0,1545.0,10643.0
185,86000US11229,11229,Brooklyn,16211.0,1206.0,1226.0,1647.0,1602.0,1505.0,1121.0,895.0,1302.0,4771.0,936.0,33284.0,1651.0,70603.0,33284.0,30523.0,2761.0,30523.0,14312.0,16211.0,78377.0,33284.0,222.0,806.0,889.0,505.0,349.0,1151.0,3111.0,8396.0,5391.0,12464.0
186,86000US11230,11230,Brooklyn,22864.0,904.0,1389.0,2359.0,2192.0,2340.0,1829.0,1428.0,2110.0,6887.0,1426.0,34455.0,1762.0,70027.0,34455.0,31947.0,2508.0,31947.0,9083.0,22864.0,86978.0,34455.0,153.0,1102.0,693.0,810.0,794.0,1721.0,3736.0,3929.0,4609.0,16908.0
187,86000US11231,11231,Brooklyn,11665.0,797.0,1384.0,1925.0,1872.0,1392.0,670.0,653.0,768.0,1542.0,662.0,18294.0,2431.0,139930.0,18294.0,16783.0,1511.0,16783.0,5118.0,11665.0,38276.0,18294.0,84.0,1783.0,647.0,627.0,681.0,474.0,313.0,662.0,1448.0,11575.0
188,86000US11232,11232,Brooklyn,6825.0,441.0,778.0,687.0,742.0,752.0,618.0,359.0,458.0,1713.0,277.0,10020.0,2064.0,90891.0,10020.0,9309.0,711.0,9309.0,2484.0,6825.0,27816.0,10020.0,8.0,649.0,603.0,78.0,400.0,324.0,351.0,841.0,983.0,5783.0
189,86000US11233,11233,Brooklyn,25133.0,2075.0,1450.0,2278.0,2470.0,2661.0,1944.0,1618.0,2155.0,6960.0,1522.0,34612.0,1606.0,62411.0,34612.0,32948.0,1664.0,32948.0,7815.0,25133.0,81822.0,34612.0,290.0,2722.0,3536.0,1739.0,1412.0,1276.0,2181.0,1687.0,2258.0,17511.0
190,86000US11234,11234,Brooklyn,9438.0,445.0,783.0,899.0,782.0,966.0,920.0,358.0,826.0,2384.0,1075.0,34719.0,1848.0,97479.0,34719.0,29799.0,4920.0,29799.0,20361.0,9438.0,83187.0,34719.0,97.0,210.0,1116.0,465.0,1124.0,2215.0,6806.0,6370.0,4819.0,11497.0
191,86000US11235,11235,Brooklyn,22727.0,878.0,1305.0,1727.0,1474.0,2189.0,2100.0,1454.0,2245.0,7823.0,1532.0,36946.0,1691.0,59661.0,36946.0,34870.0,2076.0,34870.0,12143.0,22727.0,78558.0,36946.0,163.0,1030.0,2063.0,680.0,1011.0,1981.0,6417.0,10817.0,3772.0,9012.0
192,86000US11236,11236,Brooklyn,15014.0,857.0,1227.0,1493.0,1393.0,1663.0,893.0,797.0,1550.0,4225.0,916.0,37238.0,1660.0,81464.0,37238.0,31033.0,6205.0,31033.0,16019.0,15014.0,88051.0,37238.0,55.0,269.0,940.0,763.0,972.0,2374.0,11260.0,7521.0,2562.0,10522.0
193,86000US11237,11237,Brooklyn,16011.0,481.0,1118.0,1508.0,1986.0,1650.0,1518.0,924.0,1877.0,4577.0,372.0,19195.0,2219.0,85196.0,19195.0,18228.0,967.0,18228.0,2217.0,16011.0,45334.0,19195.0,444.0,1729.0,1077.0,595.0,588.0,1096.0,828.0,1281.0,1208.0,10349.0
194,86000US11238,11238,Brooklyn,20189.0,837.0,2567.0,3476.0,2839.0,2252.0,1715.0,996.0,1102.0,3722.0,683.0,30335.0,2616.0,134523.0,30335.0,27919.0,2416.0,27919.0,7730.0,20189.0,58345.0,30335.0,587.0,4645.0,2008.0,477.0,974.0,1273.0,1499.0,1099.0,2583.0,15190.0
195,86000US11239,11239,Brooklyn,7487.0,736.0,386.0,735.0,546.0,933.0,1110.0,528.0,616.0,1671.0,226.0,9437.0,1021.0,38015.0,9437.0,8244.0,1193.0,8244.0,757.0,7487.0,16410.0,9437.0,619.0,1633.0,451.0,467.0,327.0,4071.0,1263.0,347.0,154.0,105.0
196,86000US11249,11249,Brooklyn,15001.0,755.0,2078.0,2333.0,2479.0,1475.0,984.0,819.0,1039.0,2717.0,322.0,19310.0,3036.0,123047.0,19310.0,17982.0,1328.0,17982.0,2981.0,15001.0,47728.0,19310.0,219.0,6406.0,3400.0,807.0,932.0,932.0,1883.0,563.0,438.0,3730.0
197,86000US11354,11354,Queens,12584.0,308.0,997.0,953.0,1135.0,755.0,1003.0,1193.0,1139.0,4119.0,982.0,23441.0,1777.0,66010.0,23441.0,21846.0,1595.0,21846.0,9262.0,12584.0,53028.0,23441.0,121.0,2665.0,1241.0,769.0,1992.0,1935.0,3679.0,5013.0,2095.0,3931.0
198,86000US11355,11355,Queens,20690.0,557.0,1369.0,1872.0,1692.0,1007.0,1657.0,1886.0,1771.0,6765.0,2114.0,32362.0,1725.0,55326.0,32362.0,31078.0,1284.0,31078.0,10388.0,20690.0,80801.0,32362.0,271.0,1482.0,1800.0,1840.0,2732.0,2729.0,6242.0,6952.0,2840.0,5474.0
199,86000US11356,11356,Queens,4101.0,121.0,262.0,423.0,515.0,288.0,112.0,254.0,378.0,1545.0,203.0,8923.0,2235.0,86730.0,8923.0,8171.0,752.0,8171.0,4070.0,4101.0,25824.0,8923.0,120.0,421.0,620.0,513.0,994.0,473.0,1698.0,1329.0,434.0,2321.0
200,86000US11357,11357,Queens,3577.0,68.0,232.0,574.0,334.0,270.0,249.0,181.0,173.0,1296.0,200.0,16643.0,2290.0,96988.0,16643.0,15962.0,681.0,15962.0,12385.0,3577.0,43346.0,16643.0,8.0,353.0,648.0,320.0,773.0,1668.0,2690.0,5668.0,1540.0,2975.0
201,86000US11358,11358,Queens,5594.0,144.0,354.0,499.0,637.0,545.0,536.0,321.0,231.0,1845.0,482.0,14028.0,2112.0,88165.0,14028.0,13430.0,598.0,13430.0,7836.0,5594.0,37665.0,14028.0,27.0,585.0,704.0,629.0,493.0,786.0,1027.0,2944.0,1897.0,4936.0
202,86000US11359,11359,Queens,0.0,0.0,0.0,0.0,0.0,0.0,0.0,0.0,0.0,0.0,0.0,0.0,,,0.0,0.0,0.0,0.0,0.0,0.0,0.0,0.0,0.0,0.0,0.0,0.0,0.0,0.0,0.0,0.0,0.0,0.0
203,86000US11360,11360,Queens,2120.0,50.0,189.0,202.0,246.0,192.0,180.0,111.0,139.0,496.0,315.0,9893.0,2513.0,98875.0,9893.0,8974.0,919.0,8974.0,6854.0,2120.0,19469.0,9893.0,20.0,137.0,101.0,204.0,2225.0,1261.0,2833.0,2103.0,594.0,415.0
204,86000US11361,11361,Queens,4614.0,62.0,546.0,560.0,555.0,412.0,434.0,153.0,316.0,1087.0,489.0,11893.0,2347.0,105932.0,11893.0,11234.0,659.0,11234.0,6620.0,4614.0,30127.0,11893.0,87.0,487.0,572.0,341.0,525.0,720.0,1382.0,3451.0,1404.0,2924.0
205,86000US11362,11362,Queens,1800.0,110.0,58.0,243.0,175.0,392.0,239.0,180.0,7.0,250.0,146.0,7652.0,3069.0,122090.0,7652.0,7223.0,429.0,7223.0,5423.0,1800.0,18492.0,7652.0,0.0,199.0,252.0,385.0,372.0,466.0,1507.0,3223.0,508.0,740.0
206,86000US11363,11363,Queens,769.0,11.0,45.0,68.0,66.0,45.0,163.0,0.0,71.0,262.0,38.0,2970.0,2254.0,125015.0,2970.0,2865.0,105.0,2865.0,2096.0,769.0,7223.0,2970.0,0.0,69.0,123.0,56.0,37.0,276.0,668.0,272.0,172.0,1297.0
207,86000US11364,11364,Queens,3993.0,83.0,219.0,609.0,329.0,245.0,352.0,128.0,304.0,1288.0,436.0,14553.0,2336.0,98359.0,14553.0,13581.0,972.0,13581.0,9588.0,3993.0,35276.0,14553.0,21.0,251.0,347.0,251.0,843.0,612.0,2202.0,6177.0,2518.0,1331.0
208,86000US11365,11365,Queens,8779.0,318.0,854.0,974.0,1020.0,819.0,1118.0,466.0,592.0,1876.0,742.0,16947.0,1890.0,81258.0,16947.0,16384.0,563.0,16384.0,7605.0,8779.0,42322.0,16947.0,37.0,553.0,686.0,361.0,1064.0,830.0,1898.0,6137.0,4005.0,1376.0
209,86000US11366,11366,Queens,1294.0,31.0,73.0,89.0,415.0,152.0,108.0,105.0,63.0,161.0,97.0,4977.0,2180.0,135373.0,4977.0,4700.0,277.0,4700.0,3406.0,1294.0,13463.0,4977.0,0.0,257.0,58.0,128.0,160.0,120.0,513.0,1498.0,1422.0,821.0
210,86000US11367,11367,Queens,7161.0,356.0,581.0,535.0,710.0,856.0,776.0,332.0,625.0,2010.0,380.0,15305.0,1900.0,75061.0,15305.0,14458.0,847.0,14458.0,7297.0,7161.0,40923.0,15305.0,72.0,367.0,579.0,250.0,778.0,1352.0,2269.0,5469.0,3139.0,1030.0
211,86000US11368,11368,Queens,23144.0,934.0,1312.0,2420.0,2521.0,2667.0,1561.0,1746.0,2375.0,6817.0,791.0,31358.0,1988.0,72270.0,31358.0,30079.0,1279.0,30079.0,6935.0,23144.0,105716.0,31358.0,59.0,1117.0,2097.0,982.0,1827.0,2947.0,6055.0,7021.0,2965.0,6288.0
212,86000US11369,11369,Queens,5442.0,28.0,276.0,476.0,646.0,769.0,643.0,435.0,675.0,1355.0,139.0,13878.0,1924.0,80297.0,13878.0,11066.0,2812.0,11066.0,5624.0,5442.0,35133.0,13878.0,0.0,288.0,255.0,267.0,580.0,564.0,1348.0,3721.0,2552.0,4303.0
213,86000US11370,11370,Queens,5050.0,51.0,355.0,325.0,614.0,806.0,355.0,302.0,570.0,1451.0,221.0,11718.0,2003.0,76009.0,11718.0,9436.0,2282.0,9436.0,4386.0,5050.0,30267.0,11718.0,14.0,111.0,149.0,561.0,635.0,583.0,2208.0,2714.0,2157.0,2586.0
214,86000US11371,11371,Queens,0.0,0.0,0.0,0.0,0.0,0.0,0.0,0.0,0.0,0.0,0.0,0.0,,,0.0,0.0,0.0,0.0,0.0,0.0,0.0,0.0,0.0,0.0,0.0,0.0,0.0,0.0,0.0,0.0,0.0,0.0
215,86000US11372,11372,Queens,16088.0,957.0,1184.0,1834.0,1723.0,1414.0,1218.0,884.0,1069.0,4836.0,969.0,26335.0,1820.0,78606.0,26335.0,25399.0,936.0,25399.0,9311.0,16088.0,64756.0,26335.0,47.0,348.0,270.0,277.0,733.0,996.0,1649.0,6343.0,4650.0,11022.0
216,86000US11373,11373,Queens,23884.0,788.0,1672.0,2327.0,2083.0,2508.0,2544.0,1541.0,2349.0,7283.0,789.0,34996.0,1937.0,71480.0,34996.0,32577.0,2419.0,32577.0,8693.0,23884.0,98403.0,34996.0,293.0,842.0,1478.0,932.0,1333.0,2567.0,5973.0,7518.0,6844.0,7216.0
217,86000US11374,11374,Queens,11417.0,525.0,828.0,1231.0,1443.0,1080.0,934.0,568.0,1102.0,3149.0,557.0,21152.0,1958.0,90631.0,21152.0,19625.0,1527.0,19625.0,8208.0,11417.0,46989.0,21152.0,60.0,592.0,615.0,613.0,843.0,883.0,3683.0,6155.0,3797.0,3911.0
218,86000US11375,11375,Queens,16855.0,834.0,1753.0,2273.0,2006.0,1563.0,981.0,973.0,1350.0,4101.0,1021.0,35673.0,2175.0,105904.0,35673.0,34061.0,1612.0,34061.0,17206.0,16855.0,76839.0,35673.0,52.0,319.0,600.0,527.0,846.0,2113.0,6609.0,8607.0,6608.0,9392.0
219,86000US11377,11377,Queens,23705.0,1219.0,1653.0,2263.0,2722.0,2933.0,2655.0,2101.0,1928.0,5474.0,757.0,35254.0,1804.0,73073.0,35254.0,33612.0,1642.0,33612.0,9907.0,23705.0,81690.0,35254.0,83.0,821.0,1489.0,1191.0,1281.0,2527.0,5232.0,5940.0,4469.0,12221.0
220,86000US11378,11378,Queens,5753.0,243.0,314.0,730.0,529.0,562.0,502.0,363.0,563.0,1573.0,374.0,14492.0,1993.0,85830.0,14492.0,12890.0,1602.0,12890.0,7137.0,5753.0,36392.0,14492.0,18.0,326.0,414.0,223.0,604.0,1002.0,1452.0,2021.0,1772.0,6660.0
221,86000US11379,11379,Queens,5626.0,222.0,467.0,661.0,548.0,589.0,413.0,242.0,439.0,1573.0,472.0,15415.0,2040.0,93558.0,15415.0,14090.0,1325.0,14090.0,8464.0,5626.0,36773.0,15415.0,18.0,242.0,354.0,344.0,572.0,988.0,2309.0,3188.0,3000.0,4400.0
222,86000US11385,11385,Queens,26193.0,1263.0,2629.0,3151.0,3116.0,3022.0,2226.0,1493.0,2478.0,5525.0,1290.0,40186.0,2004.0,88838.0,40186.0,37778.0,2408.0,37778.0,11585.0,26193.0,101704.0,40186.0,198.0,831.0,1113.0,1101.0,746.0,2020.0,2815.0,3301.0,4003.0,24058.0
223,86000US11411,11411,Queens,1016.0,85.0,107.0,33.0,88.0,61.0,134.0,58.0,70.0,314.0,66.0,6852.0,1723.0,116458.0,6852.0,6632.0,220.0,6632.0,5616.0,1016.0,20540.0,6852.0,9.0,73.0,45.0,148.0,100.0,227.0,383.0,1738.0,2429.0,1700.0
224,86000US11412,11412,Queens,3422.0,167.0,322.0,422.0,222.0,336.0,306.0,283.0,245.0,926.0,193.0,12958.0,1680.0,97979.0,12958.0,12127.0,831.0,12127.0,8705.0,3422.0,39828.0,12958.0,0.0,255.0,385.0,202.0,152.0,456.0,610.0,1820.0,2644.0,6434.0
225,86000US11413,11413,Queens,3693.0,237.0,485.0,415.0,219.0,345.0,282.0,327.0,246.0,941.0,196.0,14755.0,2098.0,118440.0,14755.0,14014.0,741.0,14014.0,10321.0,3693.0,45965.0,14755.0,28.0,490.0,868.0,583.0,445.0,493.0,2063.0,3092.0,2693.0,4000.0
226,86000US11414,11414,Queens,3056.0,106.0,157.0,478.0,146.0,297.0,215.0,205.0,181.0,985.0,286.0,12154.0,2113.0,95051.0,12154.0,11346.0,808.0,11346.0,8290.0,3056.0,31308.0,12154.0,39.0,232.0,283.0,367.0,584.0,1060.0,4392.0,2827.0,792.0,1578.0
227,86000US11415,11415,Queens,5043.0,190.0,354.0,495.0,662.0,541.0,468.0,332.0,250.0,1615.0,136.0,9811.0,2002.0,86394.0,9811.0,9085.0,726.0,9085.0,4042.0,5043.0,21154.0,9811.0,12.0,120.0,166.0,232.0,353.0,1037.0,1289.0,1333.0,1663.0,3606.0
228,86000US11416,11416,Queens,3864.0,80.0,316.0,200.0,372.0,490.0,414.0,226.0,307.0,1313.0,146.0,8026.0,2009.0,81188.0,8026.0,7535.0,491.0,7535.0,3671.0,3864.0,25919.0,8026.0,16.0,115.0,349.0,109.0,534.0,396.0,624.0,960.0,592.0,4331.0
229,86000US11417,11417,Queens,3968.0,183.0,474.0,325.0,517.0,273.0,205.0,284.0,278.0,1206.0,223.0,9943.0,1868.0,87006.0,9943.0,9505.0,438.0,9505.0,5537.0,3968.0,30578.0,9943.0,10.0,162.0,243.0,314.0,459.0,781.0,1046.0,1619.0,1312.0,3997.0
230,86000US11418,11418,Queens,6031.0,314.0,464.0,519.0,686.0,660.0,344.0,409.0,414.0,1757.0,464.0,12005.0,1800.0,90156.0,12005.0,11643.0,362.0,11643.0,5612.0,6031.0,35481.0,12005.0,20.0,206.0,282.0,121.0,397.0,398.0,639.0,1215.0,1944.0,6783.0
231,86000US11419,11419,Queens,5084.0,289.0,410.0,348.0,456.0,373.0,457.0,494.0,399.0,1646.0,212.0,14053.0,1946.0,93399.0,14053.0,13300.0,753.0,13300.0,8216.0,5084.0,47441.0,14053.0,0.0,158.0,605.0,298.0,476.0,663.0,744.0,1015.0,1674.0,8420.0
232,86000US11420,11420,Queens,3909.0,145.0,242.0,560.0,445.0,242.0,472.0,199.0,215.0,1158.0,231.0,14704.0,2064.0,100006.0,14704.0,14001.0,703.0,14001.0,10092.0,3909.0,49415.0,14704.0,62.0,538.0,494.0,720.0,336.0,574.0,1053.0,2202.0,1993.0,6732.0
233,86000US11421,11421,Queens,5474.0,192.0,491.0,580.0,422.0,560.0,338.0,244.0,498.0,1540.0,609.0,12848.0,1978.0,90685.0,12848.0,12112.0,736.0,12112.0,6638.0,5474.0,40612.0,12848.0,7.0,185.0,288.0,147.0,453.0,370.0,734.0,1652.0,1360.0,7652.0
234,86000US11422,11422,Queens,3330.0,170.0,193.0,269.0,488.0,365.0,256.0,360.0,276.0,867.0,86.0,10711.0,2510.0,114697.0,10711.0,10325.0,386.0,10325.0,6995.0,3330.0,33757.0,10711.0,26.0,135.0,401.0,368.0,348.0,909.0,1876.0,2991.0,1945.0,1712.0
235,86000US11423,11423,Queens,4262.0,224.0,256.0,301.0,348.0,403.0,386.0,241.0,329.0,1385.0,389.0,10201.0,1788.0,80054.0,10201.0,9623.0,578.0,9623.0,5361.0,4262.0,28534.0,10201.0,50.0,117.0,386.0,139.0,302.0,433.0,1112.0,2588.0,1446.0,3628.0
236,86000US11424,11424,Queens,0.0,0.0,0.0,0.0,0.0,0.0,0.0,0.0,0.0,0.0,0.0,0.0,,,0.0,0.0,0.0,0.0,0.0,0.0,0.0,0.0,0.0,0.0,0.0,0.0,0.0,0.0,0.0,0.0,0.0,0.0
237,86000US11426,11426,Queens,1905.0,26.0,189.0,364.0,200.0,91.0,177.0,90.0,371.0,334.0,63.0,6734.0,1997.0,103533.0,6734.0,6397.0,337.0,6397.0,4492.0,1905.0,19411.0,6734.0,12.0,154.0,193.0,81.0,117.0,148.0,658.0,2042.0,1474.0,1855.0
238,86000US11427,11427,Queens,3076.0,86.0,193.0,325.0,436.0,433.0,361.0,83.0,309.0,811.0,39.0,8540.0,1748.0,88980.0,8540.0,8321.0,219.0,8321.0,5245.0,3076.0,24607.0,8540.0,16.0,69.0,207.0,89.0,342.0,264.0,756.0,3025.0,1889.0,1883.0
239,86000US11428,11428,Queens,1580.0,29.0,48.0,160.0,64.0,150.0,52.0,83.0,168.0,720.0,106.0,6187.0,1947.0,91296.0,6187.0,5946.0,241.0,5946.0,4366.0,1580.0,19028.0,6187.0,12.0,23.0,95.0,24.0,77.0,121.0,325.0,639.0,1340.0,3531.0
240,86000US11429,11429,Queens,2220.0,72.0,131.0,191.0,146.0,318.0,134.0,44.0,426.0,567.0,191.0,8532.0,1649.0,102880.0,8532.0,8136.0,396.0,8136.0,5916.0,2220.0,26832.0,8532.0,0.0,89.0,32.0,84.0,76.0,136.0,723.0,1351.0,2341.0,3700.0
241,86000US11430,11430,Queens,0.0,0.0,0.0,0.0,0.0,0.0,0.0,0.0,0.0,0.0,0.0,0.0,,,0.0,0.0,0.0,0.0,0.0,0.0,588.0,0.0,0.0,0.0,0.0,0.0,0.0,0.0,0.0,0.0,0.0,0.0
242,86000US11432,11432,Queens,13346.0,491.0,1028.0,1161.0,1508.0,1318.0,954.0,784.0,1133.0,4385.0,584.0,22157.0,1872.0,74096.0,22157.0,20793.0,1364.0,20793.0,7447.0,13346.0,62892.0,22157.0,529.0,1529.0,1400.0,476.0,887.0,1544.0,4089.0,3067.0,2447.0,6189.0
243,86000US11433,11433,Queens,5898.0,278.0,517.0,420.0,603.0,370.0,723.0,376.0,711.0,1701.0,199.0,12261.0,1609.0,77519.0,12261.0,11214.0,1047.0,11214.0,5316.0,5898.0,37884.0,12261.0,173.0,558.0,1298.0,1421.0,465.0,607.0,1000.0,1999.0,1170.0,3570.0
244,86000US11434,11434,Queens,11999.0,906.0,1065.0,1473.0,1338.0,892.0,1110.0,536.0,910.0,3168.0,601.0,23845.0,1469.0,77598.0,23845.0,22851.0,994.0,22851.0,10852.0,11999.0,68263.0,23845.0,167.0,998.0,1029.0,1590.0,1002.0,897.0,6851.0,2972.0,2402.0,5937.0
245,86000US11435,11435,Queens,12853.0,475.0,1144.0,1079.0,1198.0,1479.0,1516.0,942.0,1071.0,3361.0,588.0,21405.0,1842.0,79710.0,21405.0,20083.0,1322.0,20083.0,7230.0,12853.0,56826.0,21405.0,157.0,2171.0,848.0,589.0,526.0,984.0,2233.0,4466.0,3360.0,6071.0
246,86000US11436,11436,Queens,2294.0,102.0,154.0,167.0,272.0,136.0,140.0,98.0,160.0,912.0,153.0,6843.0,2171.0,88047.0,6843.0,6568.0,275.0,6568.0,4274.0,2294.0,22527.0,6843.0,0.0,181.0,418.0,255.0,310.0,275.0,1108.0,800.0,828.0,2668.0
247,86000US11439,11439,Queens,0.0,0.0,0.0,0.0,0.0,0.0,0.0,0.0,0.0,0.0,0.0,0.0,,,0.0,0.0,0.0,0.0,0.0,0.0,2170.0,0.0,0.0,0.0,0.0,0.0,0.0,0.0,0.0,0.0,0.0,0.0
248,86000US11451,11451,Queens,0.0,0.0,0.0,0.0,0.0,0.0,0.0,0.0,0.0,0.0,0.0,0.0,,,0.0,0.0,0.0,0.0,0.0,0.0,0.0,0.0,0.0,0.0,0.0,0.0,0.0,0.0,0.0,0.0,0.0,0.0
249,86000US11509,11509,Queens,93.0,0.0,5.0,3.0,12.0,23.0,0.0,8.0,4.0,31.0,7.0,1172.0,3501.0,168537.0,1172.0,792.0,380.0,792.0,699.0,93.0,1790.0,1172.0,14.0,37.0,121.0,68.0,181.0,71.0,142.0,208.0,128.0,202.0
250,86000US11559,11559,Queens,629.0,0.0,52.0,159.0,41.0,59.0,30.0,0.0,37.0,205.0,46.0,2871.0,1926.0,142830.0,2871.0,2636.0,235.0,2636.0,2007.0,629.0,8878.0,2871.0,0.0,366.0,202.0,56.0,93.0,270.0,562.0,512.0,195.0,615.0
251,86000US11580,11580,Queens,2204.0,0.0,151.0,358.0,225.0,93.0,281.0,207.0,122.0,644.0,123.0,13468.0,1996.0,137402.0,13468.0,12860.0,608.0,12860.0,10656.0,2204.0,43092.0,13468.0,21.0,582.0,263.0,115.0,427.0,763.0,1429.0,4679.0,2746.0,2443.0
252,86000US11581,11581,Queens,1181.0,26.0,84.0,42.0,384.0,45.0,108.0,18.0,69.0,346.0,59.0,7363.0,2292.0,142233.0,7363.0,7120.0,243.0,7120.0,5939.0,1181.0,22818.0,7363.0,0.0,177.0,201.0,63.0,0.0,408.0,1542.0,2339.0,679.0,1954.0
253,86000US11691,11691,Queens,16665.0,1049.0,1126.0,915.0,1993.0,1893.0,1332.0,1320.0,1426.0,4702.0,909.0,24072.0,1425.0,56135.0,24072.0,23039.0,1033.0,23039.0,6374.0,16665.0,69359.0,24072.0,276.0,925.0,2531.0,1196.0,1430.0,4074.0,3541.0,4225.0,1461.0,4413.0
254,86000US11692,11692,Queens,5400.0,342.0,471.0,405.0,408.0,251.0,426.0,560.0,412.0,1734.0,391.0,8415.0,1161.0,49720.0,8415.0,8070.0,345.0,8070.0,2670.0,5400.0,22734.0,8415.0,135.0,1175.0,1307.0,361.0,275.0,1368.0,1223.0,1205.0,382.0,984.0
255,86000US11693,11693,Queens,2847.0,112.0,238.0,240.0,301.0,375.0,220.0,87.0,171.0,907.0,196.0,5922.0,1216.0,68449.0,5922.0,5559.0,363.0,5559.0,2712.0,2847.0,13244.0,5922.0,0.0,377.0,811.0,406.0,71.0,495.0,1128.0,997.0,520.0,1117.0
256,86000US11694,11694,Queens,3963.0,310.0,263.0,685.0,572.0,284.0,332.0,276.0,127.0,816.0,298.0,9078.0,1757.0,111011.0,9078.0,8165.0,913.0,8165.0,4202.0,3963.0,21489.0,9078.0,44.0,260.0,1090.0,177.0,329.0,592.0,2108.0,1046.0,560.0,2872.0
257,86000US11697,11697,Queens,15.0,0.0,0.0,5.0,0.0,0.0,0.0,0.0,0.0,10.0,0.0,2873.0,,122667.0,2873.0,1870.0,1003.0,1870.0,1855.0,15.0,4429.0,2873.0,88.0,377.0,316.0,364.0,212.0,142.0,292.0,385.0,274.0,423.0
